{"initial_reset_timestamp": 1612694841.8588114, "timestamps": [1612694845.4307177], "episode_lengths": [94], "episode_rewards": [-123.5442523042969], "episode_types": ["t"]}